Codigo,Fabricante,Descricao dos Produtos,UN,EAN/GTIN,Quantidade,Valor,Contar Nome,Contar Barcode,EAN SEARCH,TÍTULO
6696,CHIBRALI,100 LAMP C/PISCA 2 FASES COL 127V,UN-UN,SEM GTIN,,"5,50",1,,,
6699,CHIBRALI,100 LAMP GRAO DE ARROZ 8 FUNC AZ 127V,UN-UN,SEM GTIN,,"14,50",1,,,
6700,CHIBRALI,100 LAMP GRAO DE ARROZ 8 FUNC COL 127V,UN-UN,7899432848549,331,"14,50",1,1,https://www.ean-search.org/?q=7899432848549,
6697,CHIBRALI,100 LAMP GRAO DE ARROZ 8 FUNC VERDE 127V,UN-UN,SEM GTIN,,"14,50",1,,,
6698,CHIBRALI,100 LAMP GRAO DE ARROZ 8 FUNC VM 127V,UN-UN,SEM GTIN,,"14,50",1,,,
13380,CHIBRALI,100 LAMP GRAO DE ARROZ LILAS 127V,UN-UN,SEM GTIN,,"7,90",1,,,
13353,CHIBRALI,100 LED ROXO 8F TRANSP 127V,UN-UN,6968000860168,,"18,90",1,1,https://www.ean-search.org/?q=6968000860168,
6706,CHIBRALI,100 LEDS AZ 8F TRANSP,UN-UN,7899432848242,119,"18,90",1,1,https://www.ean-search.org/?q=7899432848242,
6707,CHIBRALI,100 LEDS BR 8F TRANSP 127V,UN-UN,7899432848204,5,"18,90",1,1,https://www.ean-search.org/?q=7899432848204,
3112,CHIBRALI,100 LEDS C/LAMPADAS AMARELA 127V,UN-UN,SEM GTIN,,"18,90",1,,,
6705,CHIBRALI,100 LEDS VERDE 8F TRANSP 127V,UN-UN,7899432885551,25,"18,90",1,1,https://www.ean-search.org/?q=7899432885551,
6704,CHIBRALI,100 LEDSCOLOR 8F TRANSP 127V,UN-UN,7899432847023,23,"18,90",1,1,https://www.ean-search.org/?q=7899432847023,
20469,LORENZETTI,1195 TORNEIRA LAVATORIO TRIO,UN-UN,7896451857965,6,"195,00",1,1,https://www.ean-search.org/?q=7896451857965,
14970,CHIBRALI,120 LAMPADAS LED REDE AZ/ESTRELA,UN-UN,7899432848280,32,"49,00",1,1,https://www.ean-search.org/?q=7899432848280,
571,DELTA,1509 REGISTRO DE GAVETA C-23 1/2,UN-UN,7899075130018,8,"55,00",1,1,https://www.ean-search.org/?q=7899075130018,
573,DELTA,1509 REGISTRO DE GAVETA C-23 3/4,UN-UN,7899075130025,7,"62,00",1,1,https://www.ean-search.org/?q=7899075130025,
564,DELTA,1509 REGISTRO DE GAVETA C-50 1/2,UN-UN,7899075130322,11,"59,00",1,1,https://www.ean-search.org/?q=7899075130322,
8583,DELTA,1509 REGISTRO DE GAVETA C-50 3/4,UN-UN,7899075130339,4,"69,00",1,1,https://www.ean-search.org/?q=7899075130339,
4358,CENSI,1ETENTOR DO EIXO DOCOL 1.1/4,UN-UN,7898128472006,10,"2,50",1,1,https://www.ean-search.org/?q=7898128472006,
20303,LUDCEL,1P2ST X JACK P2ST EXTENS�O 1.8M,UN-UN,SEM GTIN,,"4,50",1,,,
20302,LUDCEL,1P2ST X P2ST 1.8M 2M,UN-UN,SEM GTIN,6,"3,90",1,,,
19142,ILUMI,2 INT C/TOM FIX BIP 6/10A C/PL 4X2 STYLU,UN-UN,7898493991331,70,"14,90",2,1,https://www.ean-search.org/?q=7898493991331,
19143,ILUMI,2 INT C/TOM FIX BIP 6/10A C/PL 4X2 STYLU,UN-UN,7898493992925,34,"15,90",2,1,https://www.ean-search.org/?q=7898493992925,
10376,FAME,2 INT C/TOMAD 2P+T EXT FAME,UN-UN,7896039713447,39,"25,90",1,1,https://www.ean-search.org/?q=7896039713447,
7642,FAME,2 INT PARAL C/TOM SIMP (0677),UN-UN,SEM GTIN,,"17,90",1,,,
1178,FAME,2 INT PARALELO 10A 250V (0947),UN-UN,SEM GTIN,1,"12,50",1,,,
19147,ILUMI,2 INT SIMPL C/TOM FIX BIP 6/10A C/PL 4X2,UN-UN,7898493990952,1,"9,50",1,1,https://www.ean-search.org/?q=7898493990952,
1327,PERLEX (TRADICAO),2 INTER C/TOM ABNT 10 AMP (5382/11),UN-UN,SEM GTIN,,"10,90",1,,,
4736,PERLEX (TRADICAO),2 INTER PARALELO,UN-UN,SEM GTIN,,"10,50",1,,,
1360,PERLEX (TRADICAO),2 INTER SIMP C/TOM 20 AMP (4382/15),UN-UN,7891128483249,123,"22,50",1,1,https://www.ean-search.org/?q=7891128483249,
1371,PERLEX (TRADICAO),2 INTER SIMP C/TOM 20A N.PAD (282/15),UN-UN,7891128283245,21,"9,90",1,1,https://www.ean-search.org/?q=7891128283245,
1330,PERLEX (TRADICAO),2 INTER SIMPL 1 INTER PARAL (5382/1P),UN-UN,SEM GTIN,,"6,50",1,,,
16237,PERLEX (TRADICAO),2 INTER SIMPL 10 AMP AROS EXT (3282),UN-UN,7891128032829,37,"10,50",1,1,https://www.ean-search.org/?q=7891128032829,
8436,PERLEX (TRADICAO),2 INTER SIMPL C/TOM 20 AMP,UN-UN,7891128382245,4,"10,90",1,1,https://www.ean-search.org/?q=7891128382245,
1408,PERLEX (TRADICAO),2 INTER SIMPL SOBREPOR 10A (172),UN-UN,7891128001726,82,"7,90",1,1,https://www.ean-search.org/?q=7891128001726,
1159,FAME,2 TECLAS SIMP 1 PARALELA 10A/250V 0660,UN-UN,SEM GTIN,,"17,90",1,,,
1328,PERLEX (TRADICAO),2 TECLAS SIMPLES 1 TOM ABNT 10A 20A 5382,PC-PC,SEM GTIN,,"10,90",1,,,
16181,PERLEX (TRADICAO),2 TECLAS SIMPLES C/TOMADA N PAD 10A/20A,PC-PC,7891128258731,6,"18,90",1,1,https://www.ean-search.org/?q=7891128258731,
15276,PERLEX (TRADICAO),2 TECLAS SIMPLES E TOMADA ABNT 20A,UN-UN,7891128288530,10,"18,50",1,1,https://www.ean-search.org/?q=7891128288530,
4778,FAME,2 TOM 2P+T DIST 20A 250V (2791),UN-UN,7896039727918,58,"24,50",1,1,https://www.ean-search.org/?q=7896039727918,
1183,FAME,2 TOM PAD 2P+T DIST 10A (1407),UN-UN,7896039714079,3,"15,90",1,1,https://www.ean-search.org/?q=7896039714079,
1372,PERLEX (TRADICAO),2 TOMAD ABNT 10/20 AMP,UN-UN,SEM GTIN,,"7,50",1,,,
1350,PERLEX (TRADICAO),2 TOMAD ABNT 10/20A (4311/15),UN-UN,7891128924513,10,"19,90",1,1,https://www.ean-search.org/?q=7891128924513,
1380,PERLEX (TRADICAO),2 TOMAD ABNT 10A (1311/11),UN-UN,SEM GTIN,,"7,90",1,,,
1349,PERLEX (TRADICAO),2 TOMAD ABNT 10A (4311/11),UN-UN,7891128943118,82,"15,50",1,1,https://www.ean-search.org/?q=7891128943118,
1163,FAME,2 TOMAD PAD 2P+T DIST 10A (1163),UN-UN,SEM GTIN,,"9,50",1,,,
8635,PERLEX (TRADICAO),2 TOMADA NOVO PADRAO ABNT 20AMP (4315/15,UN-UN,7891128943156,24,"16,90",1,1,https://www.ean-search.org/?q=7891128943156,
16176,PERLEX (TRADICAO),2 TOMADAS ABNT 20A 250V (7315/15),PC-PC,7891128731555,71,"19,90",1,1,https://www.ean-search.org/?q=7891128731555,
15275,PERLEX (TRADICAO),2 TOMADAS ABNT 20A 8315/15,UN-UN,7891128831552,87,"18,50",1,1,https://www.ean-search.org/?q=7891128831552,
1399,PERLEX (TRADICAO),2 TOMADAS ABNT 20AMP 1315/15,UN-UN,7891128513151,28,"13,50",1,1,https://www.ean-search.org/?q=7891128513151,
16234,PERLEX (TRADICAO),2 TOMADAS ABNT 20AMP AROS EXT (3215/15),UN-UN,7891128321558,46,"19,90",1,1,https://www.ean-search.org/?q=7891128321558,
4738,PERLEX (TRADICAO),2 TOMADAS NOVO PADRAO 20A 2215/15,UN-UN,7891128922151,30,"11,90",1,1,https://www.ean-search.org/?q=7891128922151,
5903,FAME,2 TOMADAS PADRAO 2P+T 20AMP LX,UN-UN,7896039714086,4,"19,50",1,1,https://www.ean-search.org/?q=7896039714086,
1059,FAME,2 TOMADAS PADRAO 2P+T DIST20A 1338,UN-UN,7896039713386,43,"18,50",1,1,https://www.ean-search.org/?q=7896039713386,
3540,CHIBRALI,240 LAMPADAS REDE LED BRANCA,UN-UN,7899432846774,16,"63,00",1,1,https://www.ean-search.org/?q=7899432846774,
20301,LUDCEL,2RCA X 1P2ST 1.8M CABO OURO,UN-UN,SEM GTIN,15,"4,50",1,,,
1398,PERLEX (TRADICAO),2TECLAS SIMPLES C/TOMADA N PAD 10A 250V,UN-UN,7891128282248,28,"7,50",1,1,https://www.ean-search.org/?q=7891128282248,
21666,PERLEX (TRADICAO),2TOMADAS 2P+T SOBR 10AM 250V,UN-UN,7891128321114,38,"16,50",1,1,https://www.ean-search.org/?q=7891128321114,
4737,PERLEX (TRADICAO),3 INTER PARALELOS,UN-UN,SEM GTIN,,"12,90",1,,,
16180,PERLEX (TRADICAO),3 TECLAS SIMPLES 10A 250V AROS (7383),PC-PC,7891128738301,25,"21,50",1,1,https://www.ean-search.org/?q=7891128738301,
21586,FORUSI,3159.TORN COZ PAREDE C23 CR NVS 1/2X3/4,UN-UN,,1,"119,90",1,,,
21585,FORUSI,3159.TORNEIRA COZ PAR C37 METAL C/AR CR,UN-UN,,1,"139,90",1,,,
20300,LUDCEL,3RCA X 3RCA 1.8M/2M CABO,UN-UN,SEM GTIN,1,"4,90",1,,,
8215,FORUSI,6005 MVS TORN CT 3/8 22 MM N10,UN-UN,SEM GTIN,,"23,90",1,,,
21493,PEVILON,6158-C23 1/4 TOR.COZ.PAR.TURIM DN15,UN-UN,,1,"44,90",1,,,
21494,PEVILON,6159-C23 1/4 TORN.COZ.PARE.FIXA TURIM 15,UN-UN,,,"55,00",1,,,
21682,PEVILON,6293-C50 1/4 TORN.LAVA.GIRA.BAN.TUR 1/2,UN-UN,,1,"59,90",1,,,
21490,PEVILON,6296-C40TC 1/4 GOURMET 5/8 TOR.GIR.BR.TU,UN-UN,7899928021746,,"83,00",1,1,https://www.ean-search.org/?q=7899928021746,
4532,SCOTCH 3M,ABAFADOR DE RUIDO 3M,UN-UN,7891040155354,,"59,90",1,1,https://www.ean-search.org/?q=7891040155354,
9427,BRASFORT,ABAFADOR DE RUIDOS 8011,UN-UN,7898094330119,,"11,90",1,1,https://www.ean-search.org/?q=7898094330119,
11636,RACUIA/TERUYA,ABAFADOR DE RUIDOS KALIPOO,UN-UN,SEM GTIN,,"8,90",1,,,
11829,WALMA,ABAJOUR AZUL 5181,UN-UN,SEM GTIN,3,"39,90",1,,,
11828,WALMA,ABAJOUR NATURAL 5181,UN-UN,SEM GTIN,1,"39,90",1,,,
15210,JOTA ILUMINACAO,ABAJOUR PORCELANA BOLA MIMO AZUL,UN-UN,7899007426172,,"67,50",1,1,https://www.ean-search.org/?q=7899007426172,
15209,JOTA ILUMINACAO,ABAJOUR PORCELANA BOLA MIMO ROSA,PC-PC,7899007426189,,"67,50",1,1,https://www.ean-search.org/?q=7899007426189,
12041,JOTA ILUMINACAO,ABAJOUR PORCELANA CL55 BICOLOR OCRE PQ,UN-UN,7899007423515,1,"79,00",1,1,https://www.ean-search.org/?q=7899007423515,
12040,JOTA ILUMINACAO,ABAJOUR PORCELANA CLASSICO BICOLOR AREIA,PC-PC,SEM GTIN,,"61,90",1,,,
12039,JOTA ILUMINACAO,ABAJOUR PORCELANA CLASSICO BICOLOR OCRE,PC-PC,SEM GTIN,,"59,90",1,,,
15211,JOTA ILUMINACAO,ABAJOUR PORCELANA CLASSICO MARMORE PEQ,PC-PC,SEM GTIN,,"79,00",1,,,
12042,JOTA ILUMINACAO,ABAJOUR PORCELANA MIMO AMARELO 02326,UN-UN,7899007426165,2,"67,50",1,1,https://www.ean-search.org/?q=7899007426165,
3016,METALURGICA ROA,ABAJUR DE EMERGENCIA MOD ROA,UN-UN,SEM GTIN,,"189,00",1,,,
13951,RACUIA/TERUYA,ABAJUR DE TOQUE RADICAL GUARDA-CHUVA,UN-UN,SEM GTIN,,"109,00",1,,,
13952,RACUIA/TERUYA,ABAJUR DE TOQUE RADICAL LIRIO,UN-UN,SEM GTIN,,"109,00",1,,,
6578,WALMA,ABAJUR LARANJA,UN-UN,SEM GTIN,,"39,90",1,,,
6802,BRASFORT,ABAJUR LUZ NOTURNA PEIXO 127V,UN-UN,SEM GTIN,,"4,90",1,,,
6045,BRONZEARTE,ABAJUR NEW VERSATY E-27 LA,UN-UN,SEM GTIN,,"49,00",1,,,
6046,BRONZEARTE,ABAJUR NEW VERSATY E-27 LI,UN-UN,SEM GTIN,,"49,00",1,,,
13953,RACUIA/TERUYA,ABAJUR TOQUE RADICAL MEIA LUA,UN-UN,SEM GTIN,,"109,00",1,,,
13954,RACUIA/TERUYA,ABAJUR TOQUE RADICAL PETALA,UN-UN,SEM GTIN,,"109,00",1,,,
6577,WALMA,ABAJUR VERDE,UN-UN,SEM GTIN,3,"39,90",1,,,
17310,RIO CHENS,ABRACADEIRA DE NYLON 2.5X100MM 100PCS PR,UN-UN,7899206135134,4,"5,50",1,1,https://www.ean-search.org/?q=7899206135134,
9258,ABRACADEIRAS,ABRACADEIRA DE NYLON 2.5X100MM BRANCA,UN-UN,SEM GTIN,,"1,90",1,,,
17311,RIO CHENS,ABRACADEIRA DE NYLON 2.5X150MM 100PCS BR,UN-UN,7899206135141,2,"7,90",1,1,https://www.ean-search.org/?q=7899206135141,
17312,RIO CHENS,ABRACADEIRA DE NYLON 2.5X150MM 100PCS PT,UN-UN,7899206135158,,"7,90",1,1,https://www.ean-search.org/?q=7899206135158,
14973,INTERNEED,ABRACADEIRA DE NYLON 2.5X200MM C/100PCS,PC-PC,SEM GTIN,,"4,40",1,,,
17316,RIO CHENS,ABRACADEIRA DE NYLON 3.6X150MM 100PCS PT,UN-UN,7899206135196,,"12,90",1,1,https://www.ean-search.org/?q=7899206135196,
14974,INTERNEED,ABRACADEIRA DE NYLON 3.6X150MM C/PCS,UN-UN,SEM GTIN,,"5,90",1,,,
11864,BRASFORT,ABRACADEIRA DE NYLON 36X150MM 8629,UN-UN,SEM GTIN,,"8,90",1,,,
9375,BRASFORT,ABRACADEIRA DE NYLON 4.8MX200M BRANCA,UN-UN,7896565986353,,"15,90",1,2,https://www.ean-search.org/?q=7896565986353,
9416,BRASFORT,ABRACADEIRA DE NYLON 4.8MX250M BRANCA,PC-PC,SEM GTIN,,"16,90",1,,,
9400,BRASFORT,ABRACADEIRA DE NYLON BR2.5MX150M C/100,PC-PC,7898094336272,,"5,50",1,1,https://www.ean-search.org/?q=7898094336272,
6587,ABRACADEIRAS,ABRACADEIRA DE NYLON PRETA 200X2.5,UN-UN,SEM GTIN,,"4,90",1,,,
9884,MEXICHEM,ABRACADEIRA ELETRO UNIV 1/2 X 3/4,UN-UN,SEM GTIN,17,"3,50",1,,,
9885,MEXICHEM,ABRACADEIRA ELETROAMANCO UNIV 1 E 1.1/4,UN-UN,SEM GTIN,20,"6,50",1,,,
11707,INTERNEED,ABRACADEIRA INTERNEED 15/30W,UN-UN,SEM GTIN,397,"1,50",1,,,
14972,INTERNEED,ABRACADEIRA NYLON 2.5X100 C/100PCS,PC-PC,SEM GTIN,,"3,20",1,,,
17309,RIO CHENS,ABRACADEIRA NYLON 2.5X100MM 100PCS BR,UN-UN,7899206135127,4,"5,50",1,1,https://www.ean-search.org/?q=7899206135127,
11869,BRASFORT,ABRACADEIRA NYLON 2.5X100MM PT BRASFORT,UN-UN,SEM GTIN,,"4,20",2,,,
6585,BRASFORT,ABRACADEIRA NYLON 2.5X100MM PT BRASFORT,PC-PC,SEM GTIN,,"2,30",2,,,
11867,BRASFORT,ABRACADEIRA NYLON 2.5X150MM PT BRASFORT,UN-UN,7898094338542,2,"5,50",1,1,https://www.ean-search.org/?q=7898094338542,
9259,PISA,ABRACADEIRA NYLON 2.5X160MM PRETA,PC-PC,SEM GTIN,1,"2,90",1,,,
17313,RIO CHENS,ABRACADEIRA NYLON 2.5X200MM 100PCS BR,UN-UN,7899206135165,1,"11,50",1,1,https://www.ean-search.org/?q=7899206135165,
17314,RIO CHENS,ABRACADEIRA NYLON 2.5X200MM 100PCS PT,UN-UN,7899206135172,,"11,50",1,1,https://www.ean-search.org/?q=7899206135172,
9362,BRASFORT,ABRACADEIRA NYLON 2.5X200MM BR BRASFORT,PC-PC,7898094336289,4,"8,50",1,1,https://www.ean-search.org/?q=7898094336289,
11868,BRASFORT,ABRACADEIRA NYLON 2.5X200MM PT BRASFORT,UN-UN,7898094338573,1,"8,50",1,1,https://www.ean-search.org/?q=7898094338573,
9373,BRASFORT,ABRACADEIRA NYLON 2.5X80MM BR BRASFORT,PC-PC,7898094336241,2,"2,60",1,1,https://www.ean-search.org/?q=7898094336241,
8922,ABRACADEIRAS,ABRACADEIRA NYLON 3.6MMX250M 100PCS,PC-PC,SEM GTIN,,"14,90",1,,,
17315,RIO CHENS,ABRACADEIRA NYLON 3.6X150MM 100PCS BR,UN-UN,7899206135189,2,"12,90",1,1,https://www.ean-search.org/?q=7899206135189,
17305,RIO CHENS,ABRACADEIRA NYLON 3.6X200MM 100PCS BR,UN-UN,7899206130436,12,"16,90",1,1,https://www.ean-search.org/?q=7899206130436,
17306,RIO CHENS,ABRACADEIRA NYLON 3.6X200MM 100PCS PT,UN-UN,7899206130443,21,"16,90",1,1,https://www.ean-search.org/?q=7899206130443,
8921,BRASFORT,ABRACADEIRA NYLON 3.6X200MM BR BRASFORT,UN-UN,SEM GTIN,,"7,50",2,,,
6668,BRASFORT,ABRACADEIRA NYLON 3.6X200MM BR BRASFORT,PC-PC,SEM GTIN,,"10,90",2,,,
9381,BRASFORT,ABRACADEIRA NYLON 3.6X200MM PT BRASFORT,UN-UN,7898094338627,,"10,90",1,1,https://www.ean-search.org/?q=7898094338627,
17317,RIO CHENS,ABRACADEIRA NYLON 3.6X250MM 100PCS BR,UN-UN,7899206135226,37,"21,50",1,1,https://www.ean-search.org/?q=7899206135226,
17318,RIO CHENS,ABRACADEIRA NYLON 3.6X250MM 100PCS PT,UN-UN,7899206135233,36,"21,50",1,1,https://www.ean-search.org/?q=7899206135233,
9443,BRASFORT,ABRACADEIRA NYLON 3.6X250MM BR BRASFORT,UN-UN,7898094336326,15,"5,50",1,1,https://www.ean-search.org/?q=7898094336326,
9380,BRASFORT,ABRACADEIRA NYLON 3.6X250MM PT BRASFORT,PC-PC,7898094338634,3,"13,90",1,1,https://www.ean-search.org/?q=7898094338634,
17005,BRASFORT,ABRACADEIRA NYLON 3.6X350MM BR BRASFORT,UN-UN,7898464736459,,"21,50",1,1,https://www.ean-search.org/?q=7898464736459,
11866,BRASFORT,ABRACADEIRA NYLON 3.6X400MM BRASFORT,UN-UN,7898464736466,,"25,90",1,1,https://www.ean-search.org/?q=7898464736466,
9415,BRASFORT,ABRACADEIRA NYLON 4.8X180MM 8634,PC-PC,SEM GTIN,,"14,90",1,,,
17307,RIO CHENS,ABRACADEIRA NYLON 4.8X200MM 100PCS BR,UN-UN,7899206130450,5,"22,90",1,1,https://www.ean-search.org/?q=7899206130450,
17308,RIO CHENS,ABRACADEIRA NYLON 4.8X200MM 100PCS PT,UN-UN,7899206130467,1,"22,90",1,1,https://www.ean-search.org/?q=7899206130467,
9261,PISA,ABRACADEIRA NYLON 4.8X200MM BRANCA ),PC-PC,SEM GTIN,,"6,90",1,,,
17319,RIO CHENS,ABRACADEIRA NYLON 4.8X250MM 100PCS BR,UN-UN,7899206135264,18,"26,90",1,1,https://www.ean-search.org/?q=7899206135264,
17320,RIO CHENS,ABRACADEIRA NYLON 4.8X250MM 100PCS PT,UN-UN,7899206135271,7,"26,90",1,1,https://www.ean-search.org/?q=7899206135271,
9418,BRASFORT,ABRACADEIRA NYLON 4.8X300MM BR BRASFORT,UN-UN,7898094336371,,"23,90",1,1,https://www.ean-search.org/?q=7898094336371,
9417,BRASFORT,ABRACADEIRA NYLON 4.8X350MM BR BRASFORT,PC-PC,7896565986384,,"28,50",1,2,https://www.ean-search.org/?q=7896565986384,
9376,BRASFORT,ABRACADEIRA NYLON 4.8X400MM PT BRASFORT,UN-UN,7898094336401,8,"39,90",1,1,https://www.ean-search.org/?q=7898094336401,
6588,ABRACADEIRAS,ABRACADEIRA NYLON PR 200X3.6MM,UN-UN,SEM GTIN,,"6,90",1,,,
6589,ABRACADEIRAS,ABRACADEIRA NYLON PR 200X4.6MM,UN-UN,SEM GTIN,,"8,90",1,,,
6586,ABRACADEIRAS,ABRACADEIRA NYLON PRETA 150X2.5MM,PC-PC,SEM GTIN,,"3,50",1,,,
8364,RACUIA/TERUYA,ABRACADEIRA P/ANTENA DE TV INCA,UN-UN,SEM GTIN,9,"5,90",1,,,
13388,ASSESSOLAR,ABRACADEIRA P/VARAL DE TETO,UN-UN,7896321705648,64,"4,90",1,1,https://www.ean-search.org/?q=7896321705648,
1474,INTERNEED,ABRA�AD ACO MEDIA P/LAMP 20/40/110W,UN-UN,SEM GTIN,8,"1,20",1,,,
17466,PISA,ABRA�AD NYLON 2.5 X 100 BR C/20 PCS,UN-UN,SEM GTIN,,"1,90",1,,,
17467,PISA,ABRA�AD NYLON 2.5 X 150 BR C/20 PCS,UN-UN,6920110021136,8,"2,30",1,1,https://www.ean-search.org/?q=6920110021136,
18249,PISA,ABRA�AD NYLON 2.5 X 150MM C/20 PT,UN-UN,SEM GTIN,,"1,90",1,,,
17468,PISA,ABRA�AD NYLON 2.5 X 180 BR C/20 PCS,UN-UN,SEM GTIN,,"2,50",1,,,
18250,PISA,ABRA�AD NYLON 2.5 X 200MM C/20 PT,UN-UN,SEM GTIN,,"2,70",1,,,
17469,PISA,ABRA�AD NYLON 3.6 X 100 BR C/20 PCS,UN-UN,6920110021167,,"2,90",1,1,https://www.ean-search.org/?q=6920110021167,
17470,PISA,ABRA�AD NYLON 3.6 X 150 BR C/20 PCS,UN-UN,6920110021174,,"3,60",1,1,https://www.ean-search.org/?q=6920110021174,
17471,PISA,ABRA�AD NYLON 3.6 X 180 BR C/20 PCS,UN-UN,6920110021181,,"3,90",1,1,https://www.ean-search.org/?q=6920110021181,
18251,PISA,ABRA�AD NYLON 3.6 X 180MM C/20 PT,UN-UN,SEM GTIN,,"3,50",1,,,
18252,PISA,ABRA�AD NYLON 3.6 X 200MM C/20 BR,UN-UN,SEM GTIN,,"3,90",1,,,
17472,PISA,ABRA�AD NYLON 4.8 X 180 BR C/20 PCS,UN-UN,SEM GTIN,1,"4,90",1,,,
8594,RACUIA/TERUYA,ABRA�AD S/FIM 1.1/2 X 2,UN-UN,7893537001090,1020,"18,50",1,1,https://www.ean-search.org/?q=7893537001090,
14971,INTERNEED,ABRA�ADEIRA 2.5 X 100MM C/100 UNI,UN-UN,SEM GTIN,,"2,20",1,,,
6667,BRASFORT,ABRA�ADEIRA 2.5X180MM BRANCO,UN-UN,SEM GTIN,,"4,90",1,,,
21017,GREK (BICICLETAS),ABRA�ADEIRA 25.4,UN-UN,SEM GTIN,6,"11,90",1,,,
15676,ABRACADEIRAS,ABRA�ADEIRA 3.1/2X4 C/2,UN-UN,SEM GTIN,55,"25,90",1,,,
9260,ABRACADEIRAS,ABRA�ADEIRA 3.5X200MM NYLON 50PCS,UN-UN,SEM GTIN,,"3,80",1,,,
2443,RACUIA/TERUYA,ABRA�ADEIRA 4.8MMX400 C/100,UN-UN,7898094338740,,"28,90",1,1,https://www.ean-search.org/?q=7898094338740,
14978,INTERNEED,ABRA�ADEIRA 4.8MX300M C/100PCS,PC-PC,SEM GTIN,,"16,90",1,,,
10699,ABRACADEIRAS,ABRA�ADEIRA 4.8X200M PRETA NYLON,UN-UN,SEM GTIN,,"6,90",1,,,
9262,PISA,ABRA�ADEIRA 4.8X300MM NYLON C/50PCS,UN-UN,SEM GTIN,,"9,90",1,,,
9263,ABRACADEIRAS,ABRA�ADEIRA 4.8X400MM NYLON 50UND,UN-UN,SEM GTIN,,"12,50",1,,,
403,PERLEX (TRADICAO),ABRA�ADEIRA ACO 15/30W (031),UN-UN,SEM GTIN,,"1,20",1,,,
8595,RACUIA/TERUYA,ABRA�ADEIRA ACO ROSCA S/FIM 2.1/2 X 3,UN-UN,SEM GTIN,962,"22,00",1,,,
10096,BRASFORT,ABRA�ADEIRA BRANCA 7.6MX250M C/50PCS,PC-PC,7898094336890,5,"18,90",1,1,https://www.ean-search.org/?q=7898094336890,
10097,BRASFORT,ABRA�ADEIRA BRANCA 7.6MX400M C/50PCS,PC-PC,SEM GTIN,4,"31,90",1,,,
20853,MOSAL,ABRA�ADEIRA DE 100MM,UN-UN,7898478273063,3,"11,90",1,1,https://www.ean-search.org/?q=7898478273063,
21145,FERTAK TOOLS,"ABRA�ADEIRA DE NYLON 140X2,5MM",UN-UN,7899095407596,5,"5,50",1,1,https://www.ean-search.org/?q=7899095407596,
20168,FERTAK TOOLS,ABRA�ADEIRA DE NYLON 2.5MM 100MM PR 100,UN-UN,7899095405264,79,"4,50",1,1,https://www.ean-search.org/?q=7899095405264,
20165,FERTAK TOOLS,ABRA�ADEIRA DE NYLON 2.5MMX100 BR 100P�,UN-UN,7899095401150,,"4,50",1,1,https://www.ean-search.org/?q=7899095401150,
20166,FERTAK TOOLS,ABRA�ADEIRA DE NYLON 2.5MMX150 BR 100P�,UN-UN,7899095407626,89,"5,90",1,1,https://www.ean-search.org/?q=7899095407626,
20169,FERTAK TOOLS,ABRA�ADEIRA DE NYLON 2.5MMX150MM PR 100,UN-UN,7899095407947,,"5,90",1,1,https://www.ean-search.org/?q=7899095407947,
20167,FERTAK TOOLS,ABRA�ADEIRA DE NYLON 2.5MMX200MM BR 100,UN-UN,7899095407633,2,"7,90",1,1,https://www.ean-search.org/?q=7899095407633,
20170,FERTAK TOOLS,ABRA�ADEIRA DE NYLON 2.5MMX200MM PR 100,UN-UN,7899095407954,38,"7,90",1,1,https://www.ean-search.org/?q=7899095407954,
11865,BRASFORT,ABRA�ADEIRA DE NYLON 3.6X200MM BR,PC-PC,7898094336319,,"10,90",1,1,https://www.ean-search.org/?q=7898094336319,
19915,FERTAK TOOLS,ABRA�ADEIRA DE NYLON 3.80X4.8MM PT 50PCS,UN-UN,7899095404151,,"16,50",1,1,https://www.ean-search.org/?q=7899095404151,
19914,FERTAK TOOLS,ABRA�ADEIRA DE NYLON 300X4.8MM PT C/50PC,UN-UN,7899095407992,,"12,90",1,1,https://www.ean-search.org/?q=7899095407992,
19912,FERTAK TOOLS,ABRA�ADEIRA DE NYLON 380X480MM BR C/50PC,UN-UN,7899095401198,50,"16,50",1,1,https://www.ean-search.org/?q=7899095401198,
19911,FERTAK TOOLS,ABRA�ADEIRA DE NYLON 4.8X300MM BR,UN-UN,7899095407671,,"12,90",1,1,https://www.ean-search.org/?q=7899095407671,
19913,FERTAK TOOLS,ABRA�ADEIRA DE NYLON 400X7.6MM BR C/50P,UN-UN,7899095407701,,"38,50",1,1,https://www.ean-search.org/?q=7899095407701,
19916,FERTAK TOOLS,ABRA�ADEIRA DE NYLON 400X7.6MM PT 50PCS,UN-UN,7899095408029,,"38,50",1,1,https://www.ean-search.org/?q=7899095408029,
20116,FERTAK TOOLS,ABRA�ADEIRA DE NYLON BR 4.8X280,UN-UN,7899095407664,,"10,90",1,1,https://www.ean-search.org/?q=7899095407664,
20117,FERTAK TOOLS,ABRA�ADEIRA DE NYLON PR 4.8X280MM,UN-UN,7899095407985,,"10,90",1,1,https://www.ean-search.org/?q=7899095407985,
21886,RIO CHENS,ABRA�ADEIRA NYLON 100P�S BRANCA 4.8X400,UN-UN,7899206170357,17,"49,00",1,1,https://www.ean-search.org/?q=7899206170357,
21885,RIO CHENS,ABRA�ADEIRA NYLON 100P�S PRETA 4.8X300,UN-UN,7899206170326,3,"33,90",1,1,https://www.ean-search.org/?q=7899206170326,
10696,ABRACADEIRAS,ABRA�ADEIRA NYLON 2.5X100MM PRETA,PC-PC,SEM GTIN,,"1,90",1,,,
10697,ABRACADEIRAS,ABRA�ADEIRA NYLON 2.5X160MM PRETA,PC-PC,SEM GTIN,,"2,90",1,,,
10698,ABRACADEIRAS,ABRA�ADEIRA NYLON 3.5X200 PRETA,PC-PC,SEM GTIN,,"3,90",1,,,
14977,INTERNEED,ABRA�ADEIRA NYLON 4.8 X 200MM C/100,UN-UN,SEM GTIN,,"12,90",1,,,
11855,BRASFORT,ABRA�ADEIRA NYLON 4.8MX400MM BRANCO,PC-PC,SEM GTIN,,"39,90",1,,,
14910,BRASFORT,ABRA�ADEIRA NYLON 4.8X200MM PT,PC-PC,7898094338696,23,"15,90",1,1,https://www.ean-search.org/?q=7898094338696,
14911,BRASFORT,ABRA�ADEIRA NYLON 4.8X300MM PT,UN-UN,SEM GTIN,,"23,90",1,,,
4448,BRASFORT,ABRA�ADEIRA NYLON 7.6X250MM PT BRASFORT,PC-PC,7898094338795,,"18,90",1,1,https://www.ean-search.org/?q=7898094338795,
4479,BRASFORT,ABRA�ADEIRA NYLON 7.6X400 BR BRASFORT,UN-UN,SEM GTIN,,"31,90",1,,,
12998,FERTAK TOOLS,ABRA�ADEIRA NYLON BRANCA 3.5X140 100P�S,UN-UN,7899095401167,,"7,90",1,1,https://www.ean-search.org/?q=7899095401167,
12999,FERTAK TOOLS,ABRA�ADEIRA NYLON BRANCA 3.6X200 100P�S,UN-UN,7899095407640,91,"11,90",1,1,https://www.ean-search.org/?q=7899095407640,
13000,FERTAK TOOLS,ABRA�ADEIRA NYLON BRANCA 3.6X250,UN-UN,7899095407657,1,"14,90",1,1,https://www.ean-search.org/?q=7899095407657,
13001,FERTAK TOOLS,ABRA�ADEIRA NYLON PRETA 3.5X140 100P�S,UN-UN,7899095405820,,"7,90",1,1,https://www.ean-search.org/?q=7899095405820,
13002,FERTAK TOOLS,ABRA�ADEIRA NYLON PRETA 3.6X200 100P�S,UN-UN,7899095407961,,"11,90",1,1,https://www.ean-search.org/?q=7899095407961,
13003,FERTAK TOOLS,ABRA�ADEIRA NYLON PRETA 3.6X250 100P�S,UN-UN,7899095407978,50,"14,90",1,1,https://www.ean-search.org/?q=7899095407978,
14912,ABRACADEIRAS,ABRA�ADEIRA NYLON PRETA 4.8X400MM,UN-UN,SEM GTIN,,"39,90",1,,,
8264,RACUIA/TERUYA,ABRA�ADEIRA P/ANTENA DE TV,UN-UN,SEM GTIN,25,"3,90",1,,,
22467,RIO CHENS,ABRA�ADEIRA ROSCA S/FIM 1 POLEGADA C/2,UN-UN,7899206172566,44,"1,90",1,1,https://www.ean-search.org/?q=7899206172566,
11298,RACUIA/TERUYA,ABRA�ADEIRA S/FIM 1/2X5/8 C/2,UN-UN,SEM GTIN,903,"4,50",1,,,
8593,ABRACADEIRAS,ABRA�ADEIRA S/FIM 1X1 1/2 INCA 14MM 2UND,UN-UN,7893537001083,124,"16,50",1,1,https://www.ean-search.org/?q=7893537001083,
11300,RACUIA/TERUYA,ABRA�ADEIRA S/FIM 2X2.1/2 C/2,UN-UN,SEM GTIN,909,"21,00",1,,,
11299,RACUIA/TERUYA,ABRA�ADEIRA S/FIM 3/4X1 C/2,UN-UN,7893537012010,57,"12,90",1,1,https://www.ean-search.org/?q=7893537012010,
13224,RACUIA/TERUYA,ABRA�ADEIRA S/FIM 3/8X1/2 C/2,UN-UN,7893537011983,1728,"4,90",1,1,https://www.ean-search.org/?q=7893537011983,
11301,RACUIA/TERUYA,ABRA�ADEIRA S/FIM 3X3.1/2 C/2,UN-UN,SEM GTIN,136,"23,90",1,,,
863,RACUIA/TERUYA,ABRA�ADEIRA S/FIM 5/16X3/8,UN-UN,7893537001106,59,"3,90",1,1,https://www.ean-search.org/?q=7893537001106,
13955,RACUIA/TERUYA,ABRA�ADEIRA S/FIM 5/8X3/4 2UND,PC-PC,7893537012003,339,"5,50",1,1,https://www.ean-search.org/?q=7893537012003,
494,ANDALUZ,ABRA�ADEIRA TIPO COPO 1,UN-UN,7898939520354,583,"5,90",1,1,https://www.ean-search.org/?q=7898939520354,
496,ANDALUZ,ABRA�ADEIRA TIPO COPO 1.1/2,UN-UN,SEM GTIN,121,"6,90",1,,,
495,ANDALUZ,ABRA�ADEIRA TIPO COPO 1.1/4,UN-UN,SEM GTIN,5,"6,50",1,,,
492,ANDALUZ,ABRA�ADEIRA TIPO COPO 1/2,UN-UN,7898939520330,100,"4,90",1,1,https://www.ean-search.org/?q=7898939520330,
497,ANDALUZ,ABRA�ADEIRA TIPO COPO 2,UN-UN,SEM GTIN,110,"7,50",1,,,
457,ANDALUZ,ABRA�ADEIRA TIPO COPO 2.1/2,UN-UN,7897717303554,60,"3,90",1,1,https://www.ean-search.org/?q=7897717303554,
458,ANDALUZ,ABRA�ADEIRA TIPO COPO 3,UN-UN,SEM GTIN,26,"7,90",1,,,
493,ANDALUZ,ABRA�ADEIRA TIPO COPO 3/4,UN-UN,SEM GTIN,200,"5,50",1,,,
465,ANDALUZ,ABRA�ADEIRA TIPO COPO 4,UN-UN,SEM GTIN,21,"5,90",1,,,
485,ANDALUZ,ABRA�ADEIRA TIPO U 1,UN-UN,7898939520057,1000,"1,50",1,1,https://www.ean-search.org/?q=7898939520057,
487,ANDALUZ,ABRA�ADEIRA TIPO U 1.1/2,UN-UN,SEM GTIN,61,"1,90",1,,,
486,ANDALUZ,ABRA�ADEIRA TIPO U 1.1/4,UN-UN,SEM GTIN,8,"1,60",1,,,
483,ANDALUZ,ABRA�ADEIRA TIPO U 1/2,UN-UN,SEM GTIN,42,"0,80",1,,,
488,ANDALUZ,ABRA�ADEIRA TIPO U 2,UN-UN,7898939520088,26,"2,50",1,1,https://www.ean-search.org/?q=7898939520088,
489,ANDALUZ,ABRA�ADEIRA TIPO U 2.1/2,UN-UN,SEM GTIN,66,"3,20",1,,,
490,ANDALUZ,ABRA�ADEIRA TIPO U 3,UN-UN,SEM GTIN,24,"3,50",1,,,
484,ANDALUZ,ABRA�ADEIRA TIPO U 3/4,UN-UN,SEM GTIN,-4,"1,30",1,,,
491,ANDALUZ,ABRA�ADEIRA TIPO U 4,UN-UN,SEM GTIN,35,"4,90",1,,,
14975,INTERNEED,ABRA�ADEIRAS 3.6X200MM C/100,UN-UN,SEM GTIN,,"7,90",1,,,
14979,INTERNEED,ABRA�ADEIRAS DE NYLON 4.8X400MM C/100,PC-PC,SEM GTIN,,"19,90",1,,,
10092,ATLAS,ABRE TRINCA 375,UN-UN,7896380101481,8,"24,50",1,1,https://www.ean-search.org/?q=7896380101481,
6996,LIDER PAULI,ABRIDOR,UN-UN,7898081820654,148,"1,50",1,1,https://www.ean-search.org/?q=7898081820654,
17086,GLOBAL ATACADO,ABRIDOR COMBIN+ABRID GARRAFA,UN-UN,SEM GTIN,24,"5,50",1,,,
2812,VIEL,ABRIDOR COMBINADO LATA/GARRAFA,UN-UN,7896835231039,105,"3,90",1,1,https://www.ean-search.org/?q=7896835231039,
16204,KEHOME,ABRIDOR DE COCO INOX KE HOME,UN-UN,7898545662301,12,"16,50",1,1,https://www.ean-search.org/?q=7898545662301,
14943,ASSESSOLAR,ABRIDOR DE GARRAFA,UN-UN,7896321705167,46,"2,50",1,1,https://www.ean-search.org/?q=7896321705167,
17885,GLOBAL ATACADO,ABRIDOR DE GARRAFA INOX,UN-UN,SEM GTIN,1,"3,50",1,,,
16866,KEHOME,ABRIDOR DE GARRAFA METAL,UN-UN,7898545643355,,"13,90",1,1,https://www.ean-search.org/?q=7898545643355,
2800,VIEL,ABRIDOR DE GARRAFAS REFORCADO VIEL,UN-UN,7896835231015,2,"2,50",1,1,https://www.ean-search.org/?q=7896835231015,
2986,METALURGICA ROA,ABRIDOR DE LATA E GARRAFA,UN-UN,SEM GTIN,,"1,00",1,,,
9821,KEHOME,ABRIDOR DE LATA KEHOME,UN-UN,7899206125579,2,"6,90",1,1,https://www.ean-search.org/?q=7899206125579,
11411,RACUIA/TERUYA,ABRIDOR DE LATA/GARRAFA INOX,UN-UN,SEM GTIN,3,"2,10",1,,,
554,KEHOME,ABRIDOR DE LATA/GARRAFA INOX KEHOME,UN-UN,7898545640811,1,"3,90",1,1,https://www.ean-search.org/?q=7898545640811,
12638,RACUIA/TERUYA,ABRIDOR DE LATA/GARRAFA ZINC METAL,UN-UN,SEM GTIN,122,"2,50",1,,,
15073,FWB,ABRIDOR DE VINHO,UN-UN,SEM GTIN,,"14,90",2,,,
15080,FWB,ABRIDOR DE VINHO,UN-UN,7899600901397,1,"7,50",2,1,https://www.ean-search.org/?q=7899600901397,
7635,ARR,ABRIDOR DUPLA A�AO,UN-UN,,1,"8,90",1,,,
5278,GLOBAL ATACADO,ABRIDOR LATA/GARRAFA,UN-UN,7898379460661,6,"5,50",1,1,https://www.ean-search.org/?q=7898379460661,
18127,KEHOME,ABRIDOR MULTIUSO COLLOR,UN-UN,7898545645397,14,"16,90",1,1,https://www.ean-search.org/?q=7898545645397,
8940,IMPORIENTE COMERCIO,ABRIDOR P/GARRAFA DE VINHO A PILHA,UN-UN,7899386513784,,"45,90",1,1,https://www.ean-search.org/?q=7899386513784,
17002,VITALEX,ABS=BASCULANTE CORTADOR PEQUENO,UN-UN,SEM GTIN,,"6,50",1,,,
1883,DEXCO,ACABA P/VALV HIDRA MAX CRO 1.1/4 1.1/2,UN-UN,7894200028208,3,"119,00",1,1,https://www.ean-search.org/?q=7894200028208,
8108,DEXCO,ACABAM ASPEM P/REG 1.1/4-1.1/2,UN-UN,SEM GTIN,,"41,00",1,,,
2230,FABRIMAR,ACABAM DIGIT LINE CR T3,UN-UN,7891506001881,1,"99,00",1,1,https://www.ean-search.org/?q=7891506001881,
2214,FABRIMAR,ACABAM DIGITAL LINE CR T1,UN-UN,7891506075608,3,"65,00",1,1,https://www.ean-search.org/?q=7891506075608,
1885,DEXCO,ACABAM HIDR MAX BEGE,UN-UN,7894200029427,1,"53,00",1,1,https://www.ean-search.org/?q=7894200029427,
1887,DEXCO,ACABAM HIDRA MAX ACETIN/ONIX,UN-UN,SEM GTIN,7,"74,90",1,,,
2193,FABRIMAR,ACABAM OGGI 1/2X3/4 T1,UN-UN,7891506019800,2,"48,90",1,1,https://www.ean-search.org/?q=7891506019800,
2194,FABRIMAR,ACABAM OGGI T3,UN-UN,7891506021506,1,"64,90",1,1,https://www.ean-search.org/?q=7891506021506,
1695,DOCOL,ACABAM P/VALV BEGE,UN-UN,7891461031909,,"59,00",1,1,https://www.ean-search.org/?q=7891461031909,
1694,DOCOL,ACABAM P/VALV CINZA,UN-UN,7891461031893,,"59,00",1,1,https://www.ean-search.org/?q=7891461031893,
1693,DOCOL,ACABAM P/VALV GELO,UN-UN,7891461031886,,"59,00",1,1,https://www.ean-search.org/?q=7891461031886,
2177,FABRIMAR,ACABAM SQUADRA T1,UN-UN,SEM GTIN,1,"68,00",1,,,
1917,DEXCO,ACABAM TARGA P/REG 1/2-3/4,UN-UN,SEM GTIN,,"36,90",1,,,
16630,PERLEX (TRADICAO),ACABAM TIPO MOLDURA C/3 MTS BR,UN-UN,SEM GTIN,22,"36,50",1,,,
8870,PERLEX (TRADICAO),ACABAM TIPO MOLDURA C/3 MTS MM,UN-UN,SEM GTIN,33,"36,50",1,,,
16433,PERLEX (TRADICAO),ACABAM TIPO U C/3 MTS 8833MM,UN-UN,SEM GTIN,20,"33,50",1,,,
13261,DOCOL,ACABAM VD SALVA AGUA BOX GP,UN-UN,7891461962098,,"75,00",1,1,https://www.ean-search.org/?q=7891461962098,
11888,FABRIMAR,ACABAMENT ADAGIO T3 FABRIM,UN-UN,SEM GTIN,,"59,00",1,,,
2252,FABRIMAR,ACABAMENT AQUARIUS T1,UN-UN,7891506075554,11,"65,00",1,1,https://www.ean-search.org/?q=7891506075554,
2205,FABRIMAR,ACABAMENT ASCOT T1,UN-UN,7891506075561,3,"62,00",1,1,https://www.ean-search.org/?q=7891506075561,
10906,FABRIMAR,ACABAMENT CAPRICE CR A1C T1,UN-UN,0000000000000,,"51,00",1,1,https://www.ean-search.org/?q=0000000000000,
2244,FABRIMAR,ACABAMENT CAPRICE T1,UN-UN,SEM GTIN,,"51,00",1,,,
2251,FABRIMAR,ACABAMENT CAPRICE T2,UN-UN,SEM GTIN,,"71,90",1,,,
2245,FABRIMAR,ACABAMENT CAPRICE T3,UN-UN,SEM GTIN,3,"93,50",1,,,
2156,FABRIMAR,ACABAMENT CORES P/VALVULA BEGE,UN-UN,7891506022695,3,"45,00",1,1,https://www.ean-search.org/?q=7891506022695,
19029,FABRIMAR,ACABAMENT CORES P/VALVULA CINZA,UN-UN,7891506078104,2,"45,00",1,1,https://www.ean-search.org/?q=7891506078104,
2154,FABRIMAR,ACABAMENT CROMADO P/VALVULA,UN-UN,7891506066095,,"99,90",1,1,https://www.ean-search.org/?q=7891506066095,
2215,FABRIMAR,ACABAMENT DIG LINE T2,UN-UN,7891506001874,3,"72,00",1,1,https://www.ean-search.org/?q=7891506001874,
1829,DEXCO,ACABAMENT HIDRA LUXO CROM,UN-UN,SEM GTIN,,"95,00",1,,,
1828,DEXCO,ACABAMENT MASTER,UN-UN,SEM GTIN,,"99,00",1,,,
2204,FABRIMAR,ACABAMENT OGGI T2,UN-UN,7891506019886,,"46,90",1,1,https://www.ean-search.org/?q=7891506019886,
1849,DEXCO,ACABAMENT P/REG ASPEN 1/2-3/4-1,UN-UN,7894200139836,2,"59,00",1,1,https://www.ean-search.org/?q=7894200139836,
4298,HPLLL,ACABAMENTO ABS P/REGISTRO C23,UN-UN,7898247877409,6,"19,50",1,1,https://www.ean-search.org/?q=7898247877409,
1666,HPLLL,ACABAMENTO ABS P/REGISTRO C50,PC-PC,7898247877423,,"14,90",1,1,https://www.ean-search.org/?q=7898247877423,
2263,FABRIMAR,ACABAMENTO AQUARIU T2,UN-UN,7891506079675,4,"77,00",1,1,https://www.ean-search.org/?q=7891506079675,
2206,FABRIMAR,ACABAMENTO ASCOT 1.1/4X1.1/2 T3,UN-UN,7891506025108,8,"73,00",1,1,https://www.ean-search.org/?q=7891506025108,
11516,CENSI,ACABAMENTO CENSI CROMADO ABS,UN-UN,7898128472730,3,"105,00",1,1,https://www.ean-search.org/?q=7898128472730,
22378,DELTA,ACABAMENTO COMP.P/REGISTRO C-23 ABS CROM,UN-UN,7899074719016,,"14,50",1,1,https://www.ean-search.org/?q=7899074719016,
4359,CENSI,ACABAMENTO COMPLETO HIDRA LUXO ABS,UN-UN,7898128471061,3,"95,00",1,1,https://www.ean-search.org/?q=7898128471061,
1692,DOCOL,ACABAMENTO DA VALVULA CROMADA,UN-UN,7891461031671,-1,"124,50",1,1,https://www.ean-search.org/?q=7891461031671,
1601,MONTANA,ACABAMENTO ELEGANCE BRANCO,UN-UN,SEM GTIN,,"59,90",1,,,
7686,MONTANA,ACABAMENTO ELEGANCE CROMADO,UN-UN,7898241153271,7,"99,00",1,1,https://www.ean-search.org/?q=7898241153271,
22271,FABRIMAR,ACABAMENTO FLUX VALVULA DESCARGA CROMADO,UN-UN,,5,"65,00",1,,,
1665,HPLLL,ACABAMENTO METAL P/REGISTRO C50,PC-PC,7898247878246,1,"25,90",1,1,https://www.ean-search.org/?q=7898247878246,
8122,CENSI,ACABAMENTO ORIENTE CROMADO ABS,UN-UN,7898128472662,2,"95,00",1,1,https://www.ean-search.org/?q=7898128472662,
20654,PEVILON,ACABAMENTO P/LAVATORIO CROMADO 1500,UN-UN,7898275068879,22,"23,50",1,1,https://www.ean-search.org/?q=7898275068879,
1800,DEXCO,ACABAMENTO P1/2 3/4 E REGISTRO PRESSAO,UN-UN,SEM GTIN,,"36,90",1,,,
22048,CENSI,ACABAMENTO PLUG P/LAVATORIO BIDE 1/2,UN-UN,,30,"22,50",1,,,
2213,FABRIMAR,ACABAMENTO REG GAVETA ASCOT T2 FABRI 1/2,UN-UN,7891506024934,3,"67,00",1,1,https://www.ean-search.org/?q=7891506024934,
22393,GLOBAL PLAST,ACABAMENTO REG.MONACO COMP DECA CROMAD,UN-UN,7898479281876,7,"14,50",1,1,https://www.ean-search.org/?q=7898479281876,
2253,FABRIMAR,ACABAMENTO REGIST AQUARIUS T3 11/4 11/2,UN-UN,7891506079743,,"63,90",1,1,https://www.ean-search.org/?q=7891506079743,
15656,PEVILON,ACABAMENTO REGISTRO C23 3/4 CROM,UN-UN,7898414952212,3,"16,50",1,1,https://www.ean-search.org/?q=7898414952212,
15655,PEVILON,ACABAMENTO REGISTRO C50 3/4 CROM,UN-UN,7898414951895,3,"35,50",1,1,https://www.ean-search.org/?q=7898414951895,
2238,FABRIMAR,ACABAMENTO UNIVERSAL ELLA 1/2 3/4 1 CR,UN-UN,7891506075745,1,"49,00",1,1,https://www.ean-search.org/?q=7891506075745,
2201,FABRIMAR,ACABAMENTO VALV FLUX BR FABRIMAR,UN-UN,7891506078098,5,"45,00",1,1,https://www.ean-search.org/?q=7891506078098,
2155,FABRIMAR,ACABAMENTO VALV FLUX CR/PR FABRIMAR,UN-UN,SEM GTIN,7,"52,50",1,,,
2302,ASTRA,ACABAMENTO VALVULA DESCARGA CROMADA,UN-UN,SEM GTIN,,"39,00",1,,,
1884,DEXCO,ACABAMETO P/VALVULA HIDRA MAX BRANCO,UN-UN,7894200027614,3,"53,00",1,1,https://www.ean-search.org/?q=7894200027614,
1886,DEXCO,ACABAMETO P/VALVULA HIDRA MAX CINZA,UN-UN,7894200027638,1,"53,00",1,1,https://www.ean-search.org/?q=7894200027638,
6474,ARCOM,ACEDELCO CERA LIMPADORA 200GR,UN-UN,7895291051236,11,"18,90",1,1,https://www.ean-search.org/?q=7895291051236,
6077,ASSESSOLAR,ACENDEDOR A GAS P/FOGAO,UN-UN,7898918886051,9,"14,90",1,1,https://www.ean-search.org/?q=7898918886051,
50,KR INDUSTRIAL,ACENDEDOR AUTO STAR LUXO 110V,UN-UN,SEM GTIN,,"10,50",1,,,
5886,CHERUBINO,ACENDEDOR DE CARVAO 700W 127V,UN-UN,7891651000135,,"69,90",1,1,https://www.ean-search.org/?q=7891651000135,
22354,RESISWAL LTDA,ACENDEDOR DE CARVAO 800W 127W,UN-UN,,5,"75,00",1,,,
17322,COMERCIAL LEY IMP EX,ACENDEDOR DE FOGAO,UN-UN,7899052142027,,"5,90",1,1,https://www.ean-search.org/?q=7899052142027,
18880,GLOBAL ATACADO,ACENDEDOR DE FOGAO RECAR C/2,UN-UN,7898918886211,12,"17,50",1,1,https://www.ean-search.org/?q=7898918886211,
13062,ASSESSOLAR,ACENDEDOR FOGAO 8619,UN-UN,7898918886198,,"14,90",1,1,https://www.ean-search.org/?q=7898918886198,
19711,GLOBAL ATACADO,ACENDEDOR FOGAO A GAS,UN-UN,7898918886259,12,"10,90",1,1,https://www.ean-search.org/?q=7898918886259,
21928,TECIDOS E ARMA,ACENDEDOR FOGAO LUME SORTIDOS,UN-UN,7898409910517,3,"10,90",1,1,https://www.ean-search.org/?q=7898409910517,
21776,ASSESSOLAR,ACENDEDOR FOGAO S/GAS N/DESTINADO,UN-UN,,,"6,90",1,,,
11467,SAINTS,ACENDEDOR LUME CARTELA,UN-UN,7898409911644,15,"12,50",1,1,https://www.ean-search.org/?q=7898409911644,
21164,CHINATOWN,ACENDEDOR P/FOGAO,UN-UN,7898409910562,,"10,90",1,1,https://www.ean-search.org/?q=7898409910562,
6270,GLOBAL ATACADO,ACENDEDOR P/FOGOES,UN-UN,SEM GTIN,11,"9,90",1,,,
47,KR INDUSTRIAL,ACENDEDOR PISTOLINHA-ARR,UN-UN,7891651000050,50,"11,90",1,2,https://www.ean-search.org/?q=7891651000050,
7845,PEVILON,ACESSORIO P/BANHEIRO TURIM C/5P�S,UN-UN,7898496666199,3,"55,00",1,1,https://www.ean-search.org/?q=7898496666199,
2271,FABRIMAR,ACIONAD 1510B 1/2 X 3/4 VOLAN PVC,UN-UN,SEM GTIN,,"13,90",1,,,
8118,CENSI,ACIONADOR COMP P/VALV DESC ORIENTE ANTIG,UN-UN,7898128472846,9,"95,00",1,1,https://www.ean-search.org/?q=7898128472846,
8117,CENSI,ACIONADOR COMP P/VALV DESC ORIENTE ATUAL,UN-UN,7898128472839,10,"53,00",1,1,https://www.ean-search.org/?q=7898128472839,
2438,CENSI,ACIONADOR COMPLETO P/HIDRA LUXO,UN-UN,7898128471818,2,"37,90",1,1,https://www.ean-search.org/?q=7898128471818,
5550,CENSI,ACIONADOR CX ACOPLADA ETERNIT C/CORRENT,UN-UN,7898128478732,5,"37,90",1,1,https://www.ean-search.org/?q=7898128478732,
17550,CENSI,ACIONADOR P/CAIXA ACOPLADA DUAL,UN-UN,7898128477827,6,"49,00",1,1,https://www.ean-search.org/?q=7898128477827,
22387,GLOBAL PLAST,ACIONADOR SUP.UNIV 2X1 BR 31X45 45X65,UN-UN,7898479252289,24,"7,50",1,1,https://www.ean-search.org/?q=7898479252289,
1609,MONTANA,ACIONAMENTO C/PROLONGAD MONTAFLUX,UN-UN,7898241153127,5,"16,90",1,1,https://www.ean-search.org/?q=7898241153127,
7702,ASTRA,ACIONAMENTO LATERAL EMBUTIDO CROM ASTRA,UN-UN,7891222126493,11,"49,90",1,1,https://www.ean-search.org/?q=7891222126493,
2400,ASTRA,ACIONAMENTO P/CX DE DESCARGA LATERAL KA,UN-UN,7891222043479,9,"39,90",1,1,https://www.ean-search.org/?q=7891222043479,
1611,MONTANA,ACIONAMENTO STANDARD MONTAFLUX,UN-UN,7898241153035,10,"37,50",1,1,https://www.ean-search.org/?q=7898241153035,
15570,GYMIS,ACOPL WALITA CONFORT,UN-UN,7896483012554,20,"17,90",1,1,https://www.ean-search.org/?q=7896483012554,
15568,GYMIS,ACOPL WALITA ROMA/FIREN C/BUCHA,UN-UN,7896483000292,7,"17,90",1,1,https://www.ean-search.org/?q=7896483000292,
16041,REDE ELETRICA,ACOPLADOR 2P+T 16A 220V IP44 WEG,UN-UN,SEM GTIN,,"39,00",1,,,
19948,REDE ELETRICA,ACOPLADOR 2P+T 32A 220V,UN-UN,SEM GTIN,,"31,90",1,,,
15569,GYMIS,ACOPLAM BLACK E DECKER NOVO,UN-UN,SEM GTIN,3,"17,90",1,,,
15573,GYMIS,ACOPLAM WALITA GAMA DELTA,UN-UN,SEM GTIN,,"17,90",1,,,
7382,RAMADA,ACOPLAMENT CIRC 88 BRANCO,UN-UN,SEM GTIN,,"6,90",1,,,
15564,GYMIS,ACOPLAMENT WALITA RI 2044 BRANCO,UN-UN,7896483020122,,"22,90",1,1,https://www.ean-search.org/?q=7896483020122,
15565,GYMIS,ACOPLAMENT WALITA RI 2044 CINZA,UN-UN,SEM GTIN,,"22,90",1,,,
15567,GYMIS,ACOPLAMENT WALITA RI 2044 PRETO,UN-UN,7896483020986,8,"22,90",1,1,https://www.ean-search.org/?q=7896483020986,
7367,RAMADA,ACOPLAMENTO CIRCULAR 88 BEGE,UN-UN,,7,"1,00",1,,,
11320,RAMADA,ACOPLAMENTO CIRCULAR TIGRE,UN-UN,7897613373750,7,"17,50",1,1,https://www.ean-search.org/?q=7897613373750,
20341,GYMIS,ACOPLAMENTO WALITA CONFORT PTO,UN-UN,SEM GTIN,,"14,90",1,,,
20826,ASSESSOLAR,ACQUA SOFT,UN-UN,7896321705198,,"2,90",1,1,https://www.ean-search.org/?q=7896321705198,
15879,RIO CORAL DIST DE MA,ACRILICO SOL E CHUVA 18LTS,LT-LT,SEM GTIN,,"269,00",1,,,
2069,MEXICHEM,ADAPT AUT AJUST SOLD 20 X 1/2,UN-UN,7891960758451,30,"21,90",1,1,https://www.ean-search.org/?q=7891960758451,
2070,MEXICHEM,ADAPT AUT AJUST SOLD 25 X 3/4,UN-UN,7891960756716,32,"24,90",1,1,https://www.ean-search.org/?q=7891960756716,
2071,MEXICHEM,ADAPT AUT AJUST SOLD 32 X 1�,UN-UN,7891960756693,23,"38,50",1,1,https://www.ean-search.org/?q=7891960756693,
2072,MEXICHEM,ADAPT AUT AJUST SOLD 40 X 1.1/4,UN-UN,7891960760973,1,"52,00",1,1,https://www.ean-search.org/?q=7891960760973,
2073,MEXICHEM,ADAPT AUT AJUST SOLD 50 X 1.1/2,UN-UN,7891960760980,14,"55,00",1,1,https://www.ean-search.org/?q=7891960760980,
2074,MEXICHEM,ADAPT AUT AJUST SOLD 60 X 2,UN-UN,7891960760997,17,"95,00",1,1,https://www.ean-search.org/?q=7891960760997,
19493,MEXICHEM,ADAPT AUTO AJUST ROSC 1.1/2,UN-UN,7891960113052,4,"39,90",1,1,https://www.ean-search.org/?q=7891960113052,
13294,MEXICHEM,ADAPT AUTO AJUST ROSC 1/2,UN-UN,7891960113014,7,"12,90",1,1,https://www.ean-search.org/?q=7891960113014,
13295,MEXICHEM,ADAPT AUTO AJUST ROSC 3/4,UN-UN,7891960113021,5,"18,50",1,1,https://www.ean-search.org/?q=7891960113021,
15623,SAINTS,ADAPT BORB ZAMAK RFC C/ANEL 30,UN-UN,SEM GTIN,,"4,50",1,,,
7499,RAMADA,ADAPT CONDULETE TOP 1/2 TIGRE,UN-UN,7899349144321,,"0,80",1,1,https://www.ean-search.org/?q=7899349144321,
6086,MEXICHEM,ADAPT CURTO SOLD 40 X 1.1/2,UN-UN,SEM GTIN,4,"9,50",1,,,
6085,MEXICHEM,ADAPT CURTO SOLD 50 X 1.1/4,UN-UN,7891960846585,12,"6,90",1,1,https://www.ean-search.org/?q=7891960846585,
6560,MEXICHEM,ADAPT DE REDUC INT 1/2 X 3/8,UN-UN,7891960100106,2,"3,50",1,1,https://www.ean-search.org/?q=7891960100106,
16981,MEXICHEM,ADAPT P/MAQ DE LAVAR ROUP/LOUC,UN-UN,7891960008686,,"11,90",1,1,https://www.ean-search.org/?q=7891960008686,
7500,RAMADA,ADAPT REDUC COND TOP 1X3/4,UN-UN,7899349144352,100,"0,80",1,1,https://www.ean-search.org/?q=7899349144352,
15273,MEXICHEM,ADAPT REDUC INT 3/4 X 1/2,UN-UN,7891960100113,3,"3,90",1,1,https://www.ean-search.org/?q=7891960100113,
7073,RAMADA,"ADAPT ROSC C/ANEL P/CX 1""",UN-UN,7897613320044,5,"26,50",1,1,https://www.ean-search.org/?q=7897613320044,
7075,RAMADA,"ADAPT ROSC C/ANEL P/CX 1.1/2""",UN-UN,7897613320068,4,"105,00",1,1,https://www.ean-search.org/?q=7897613320068,
7074,RAMADA,"ADAPT ROSC C/ANEL P/CX 1.1/4""",UN-UN,7897613320051,10,"62,50",1,1,https://www.ean-search.org/?q=7897613320051,
7071,RAMADA,"ADAPT ROSC C/ANEL P/CX 1/2""",UN-UN,7897613320020,8,"32,50",1,1,https://www.ean-search.org/?q=7897613320020,
7076,RAMADA,"ADAPT ROSC C/ANEL P/CX 2""",UN-UN,7897613320075,2,"75,00",1,1,https://www.ean-search.org/?q=7897613320075,
7072,RAMADA,"ADAPT ROSC C/ANEL P/CX 3/4""",UN-UN,7897613320037,10,"35,90",1,2,https://www.ean-search.org/?q=7897613320037,
2832,JACKWALL,ADAPTAD 1/2BSP(E) XAP TM 3/8,UN-UN,SEM GTIN,1,"13,90",1,,,
2836,JACKWALL,ADAPTAD 1/2BSP(I) XAR TM 3/8,UN-UN,SEM GTIN,10,"24,50",1,,,
6559,MEXICHEM,ADAPTAD INTER 1/2,UN-UN,7891960100014,6,"1,50",1,1,https://www.ean-search.org/?q=7891960100014,
2615,BLUKIT,ADAPTAD P/SAIDA FILTRO C/ESP,UN-UN,7897210422356,,"15,90",1,1,https://www.ean-search.org/?q=7897210422356,
14336,DUAL COMP COM DIST P,ADAPTAD PLUG F/JACK F ROSC 90,UN-UN,SEM GTIN,,"2,50",1,,,
6114,ELETROTEL,ADAPTAD RJ11 (6X4) 3 FEM X 1 MAC,UN-UN,SEM GTIN,,"7,50",1,,,
324,DUAL COMP COM DIST P,ADAPTAD RJ11 6P4C 2 FEMEA 1 MACH,UN-UN,SEM GTIN,,"2,90",1,,,
332,DUAL COMP COM DIST P,ADAPTAD RJ11 6P4C 3 FEM 1 MACH (5.2.206),UN-UN,SEM GTIN,,"3,30",1,,,
1909,MEXICHEM,ADAPTAD SOLD CURT C/BOL 20 X 1/2,UN-UN,7891960120012,474,"1,50",1,1,https://www.ean-search.org/?q=7891960120012,
1911,MEXICHEM,ADAPTAD SOLD CURT C/BOL 32MM X 1,UN-UN,7891960120036,35,"3,90",1,1,https://www.ean-search.org/?q=7891960120036,
1912,MEXICHEM,ADAPTAD SOLD CURT C/BOL 40MM X 1.1/4,UN-UN,7891960120043,3,"7,90",1,1,https://www.ean-search.org/?q=7891960120043,
1913,MEXICHEM,ADAPTAD SOLD CURT C/BOL 50MM X 1.1/2,UN-UN,7891960120074,35,"8,90",1,1,https://www.ean-search.org/?q=7891960120074,
1914,MEXICHEM,ADAPTAD SOLD CURT C/BOL 60MM X 2,UN-UN,7891960120081,9,"25,50",1,1,https://www.ean-search.org/?q=7891960120081,
1910,MEXICHEM,ADAPTAD SOLD CURT C/BOLS 25 X 3/4,UN-UN,SEM GTIN,346,"2,50",1,,,
13087,JACKWALL,ADAPTADOR 1/2 BSPXINT 3/8,UN-UN,7891057006083,25,"24,50",1,1,https://www.ean-search.org/?q=7891057006083,
13086,JACKWALL,ADAPTADOR 1/2 SPX APRAP 3/8 EXT 110955,UN-UN,7891057002320,9,"21,50",1,1,https://www.ean-search.org/?q=7891057002320,
7498,RAMADA,ADAPTADOR 1�CONDULET TOP,UN-UN,7897613381052,23,"1,50",1,1,https://www.ean-search.org/?q=7897613381052,
4483,PERLEX (TRADICAO),ADAPTADOR 2P+T ABNT/NENA 10A PADR�O,UN-UN,7891128001573,313,"7,50",1,1,https://www.ean-search.org/?q=7891128001573,
21267,PERLEX (TRADICAO),ADAPTADOR 2P+T ABNT/NENA 10AMPER,UN-UN,7891128005410,-4,"7,50",1,1,https://www.ean-search.org/?q=7891128005410,
7497,RAMADA,ADAPTADOR 3/4 CONDULET TOP,UN-UN,7899349144345,27,"1,30",1,1,https://www.ean-search.org/?q=7899349144345,
241,FERTGEO (FTG),ADAPTADOR 5-672,UN-UN,SEM GTIN,,"1,60",1,,,
21084,DELTA,ADAPTADOR ABS P/FILTRO C-50 BRANCO,UN-UN,7899074743646,12,"16,90",1,1,https://www.ean-search.org/?q=7899074743646,
16616,LORENZETTI,ADAPTADOR C-50 ADAPTADORES P/FILTRO,UN-UN,SEM GTIN,,"49,00",1,,,
21140,BLUKIT,ADAPTADOR CR P/FILTRO 1/2X1/4,UN-UN,7897210462758,12,"27,90",1,1,https://www.ean-search.org/?q=7897210462758,
19922,BLUKIT,ADAPTADOR CROMADO P/R FILTRO 1/4X3/16,UN-UN,7897210465117,10,"19,90",1,1,https://www.ean-search.org/?q=7897210465117,
7682,FERTGEO (FTG),ADAPTADOR DC/DC MOD PSA 1000M,UN-UN,7898221072424,,"21,50",1,1,https://www.ean-search.org/?q=7898221072424,
20085,EXTRA,ADAPTADOR DE BLUETOOFH,UN-UN,SEM GTIN,2,"16,50",1,,,
17024,RAVENNA,ADAPTADOR DE LINHA RJ11 DUPLA FXF,UN-UN,SEM GTIN,29,"3,50",1,,,
248,FERTGEO (FTG),ADAPTADOR F MACHO X 90F FEMEA,UN-UN,SEM GTIN,40,"2,90",1,,,
1643,JACKWALL,ADAPTADOR FEMEA 1/4X1/4,UN-UN,SEM GTIN,1,"5,90",1,,,
6320,TRAMONTINA,ADAPTADOR FEMEA 3/4 X 1/2,UN-UN,7891117006961,2,"7,90",1,1,https://www.ean-search.org/?q=7891117006961,
4893,M.A REAL FERRAGENS,ADAPTADOR FEMEA P/FOGAO DAKO,UN-UN,SEM GTIN,,"13,50",1,,,
22168,W.I DISTRIBUIDORA,ADAPTADOR FLEXIVEL DAKO FEMEA JP,UN-UN,,6,"23,90",1,,,
22169,W.I DISTRIBUIDORA,ADAPTADOR FLEXIVEL DAKO MACHO JP,UN-UN,,14,"24,50",1,,,
233,FERTGEO (FTG),ADAPTADOR FUT JR6047,UN-UN,SEM GTIN,,"1,60",1,,,
19562,EXTRA,ADAPTADOR HDMI,UN-UN,SEM GTIN,,"5,90",1,,,
19561,EXTRA,ADAPTADOR HDMI X RJ45,UN-UN,SEM GTIN,,"8,90",1,,,
8782,MEXICHEM,ADAPTADOR INTERNO 3/4,UN-UN,7891960100021,7,"3,50",1,1,https://www.ean-search.org/?q=7891960100021,
7386,RAMADA,"ADAPTADOR JE P/SIFAO METALICO 1 1/4X40""",UN-UN,7897613320037,24,"21,00",1,2,https://www.ean-search.org/?q=7897613320037,
243,FERTGEO (FTG),ADAPTADOR JR6041,UN-UN,SEM GTIN,,"1,60",1,,,
242,FERTGEO (FTG),ADAPTADOR JR6245/PT-1397,UN-UN,SEM GTIN,,"1,00",1,,,
17947,MEXICHEM,ADAPTADOR LGO N1 VALVULA PIA/LAVATORIO,UN-UN,7891960130103,2,"2,90",1,1,https://www.ean-search.org/?q=7891960130103,
4959,M.A REAL FERRAGENS,ADAPTADOR MACHO P/FOGAO DAKO,UN-UN,SEM GTIN,,"13,50",1,,,
17911,MUNDO DAS FERRAMENTA,ADAPTADOR MAG P/BITS HEXAGONAL,UN-UN,SEM GTIN,3,"2,50",1,,,
17831,MUNDO DAS FERRAMENTA,ADAPTADOR MAG P/BITS HEXAGONAL 10PCS MTX,UN-UN,7899612702630,18,"49,90",1,1,https://www.ean-search.org/?q=7899612702630,
17910,MUNDO DAS FERRAMENTA,ADAPTADOR MAG P/BITS HEXAGONAL UND,UN-UN,SEM GTIN,,"9,90",1,,,
20647,RACUIA/TERUYA,ADAPTADOR MAGNETICO PTA 1/4 74MM,UN-UN,7898452062706,,"11,90",1,1,https://www.ean-search.org/?q=7898452062706,
20646,RACUIA/TERUYA,ADAPTADOR MAGNETICO PTA P/P 1/4 59MM,UN-UN,7898452062690,4,"9,90",1,1,https://www.ean-search.org/?q=7898452062690,
20382,PEVILON,ADAPTADOR MAQUINA LAVAR C50,UN-UN,7898414954216,7,"79,90",1,1,https://www.ean-search.org/?q=7898414954216,
10292,METALURGICA ROA,ADAPTADOR P/BOTIJAO 13KG,UN-UN,7898045943733,26,"4,50",1,1,https://www.ean-search.org/?q=7898045943733,
2936,METALURGICA ROA,ADAPTADOR P/BUJAO P/2K5,UN-UN,7898045941654,9,"8,50",1,1,https://www.ean-search.org/?q=7898045941654,
22466,BLUKIT,ADAPTADOR P/FILTRO 1/2 SAIDA 1/2 ES 1/4,UN-UN,7897210467449,10,"110,00",1,1,https://www.ean-search.org/?q=7897210467449,
19923,BLUKIT,ADAPTADOR P/FILTRO 1/2 SAIDA 3/8 ESP 1/8,UN-UN,7897210467432,10,"75,00",1,1,https://www.ean-search.org/?q=7897210467432,
598,DELTA,ADAPTADOR P/FILTRO C-23 1/2 CROMADO,UN-UN,7899075127209,5,"57,00",1,1,https://www.ean-search.org/?q=7899075127209,
2026,DELTA,ADAPTADOR P/FILTRO C-50 1147,UN-UN,7899075127186,,"35,90",1,1,https://www.ean-search.org/?q=7899075127186,
17452,PEVILON,ADAPTADOR P/FILTRO C23,UN-UN,7898246850632,12,"77,00",1,1,https://www.ean-search.org/?q=7898246850632,
17930,DELTA,ADAPTADOR P/FILTRO C23 1/2 DN15 CR 1147,UN-UN,7899075127162,14,"44,90",1,1,https://www.ean-search.org/?q=7899075127162,
21080,DELTA,ADAPTADOR P/FILTRO C50 CROMADO,UN-UN,7899075127223,3,"42,90",1,1,https://www.ean-search.org/?q=7899075127223,
12639,MIL KITS,ADAPTADOR P/FURADEIRA 1/2 (M6),UN-UN,7898198100069,12,"13,50",1,1,https://www.ean-search.org/?q=7898198100069,
13386,MIL KITS,ADAPTADOR P/FURADEIRA 1/4 M5,UN-UN,7898198100052,12,"10,50",1,1,https://www.ean-search.org/?q=7898198100052,
10397,MAX HOME,ADAPTADOR P/GARRAFA TERMICA,UN-UN,7898002240134,,"5,90",1,1,https://www.ean-search.org/?q=7898002240134,
21158,TRAMONTINA,ADAPTADOR P/MANGUEIRA,UN-UN,7891117005025,6,"7,90",1,1,https://www.ean-search.org/?q=7891117005025,
17555,MEXICHEM,ADAPTADOR P/SIFAO,UN-UN,SEM GTIN,2,"5,90",1,,,
7385,RAMADA,"ADAPTADOR P/SIFAO 1 1/4X40""",UN-UN,SEM GTIN,13,"3,90",1,,,
6510,BLUKIT,ADAPTADOR P/TORNEIRA 1/2 E 3/4 BLISTER,MT-MT,7897210479800,"6,0000","10,50",1,1,https://www.ean-search.org/?q=7897210479800,
11269,CHINATOWN,ADAPTADOR P/TORNEIRA 1/2-3/4,UN-UN,7897468604160,4,"3,90",1,1,https://www.ean-search.org/?q=7897468604160,
7387,RAMADA,ADAPTADOR P/VALVULA DE PIA E LAVAT 40,UN-UN,7898482242109,14,"2,00",1,1,https://www.ean-search.org/?q=7898482242109,
20862,EXTRA,ADAPTADOR PINO AMERICANO,UN-UN,,,"25,50",1,,,
14264,DUAL COMP COM DIST P,ADAPTADOR PLUG BNC/JACK F (822),UN-UN,SEM GTIN,,"2,00",1,,,
14337,DUAL COMP COM DIST P,ADAPTADOR PLUG RCA/JACK F (8214),UN-UN,SEM GTIN,,"2,90",1,,,
1060,FAME,ADAPTADOR REVERSO 2P+T 15A/250V CINZA,UN-UN,SEM GTIN,3,"8,50",1,,,
21468,MEXICHEM,ADAPTADOR ROSC P/CX D AGUA 2�,UN-UN,,1,"54,90",1,,,
20274,MEXICHEM,ADAPTADOR ROSCAVEL P/CX D�AGUA 1�,UN-UN,7891960113038,1,"25,90",1,1,https://www.ean-search.org/?q=7891960113038,
17534,EXTRA,ADAPTADOR S/FIO USB,UN-UN,7820123400456,,"7,90",1,1,https://www.ean-search.org/?q=7820123400456,
11637,RACUIA/TERUYA,ADAPTADOR SDS PLUS HT MAND 1/2,UN-UN,0883811845950,6,"38,50",1,1,https://www.ean-search.org/?q=0883811845950,
17071,PISA,ADAPTADOR SOLD CURTO 40X1.1/4 KRONA,UN-UN,,10,"8,50",1,,,
7816,PISA,ADAPTADOR TORNEIRA 1/2 HF,UN-UN,6922021069016,1,"3,70",1,1,https://www.ean-search.org/?q=6922021069016,
247,FERTGEO (FTG),ADAPTADOR TP6822,UN-UN,SEM GTIN,,"0,80",1,,,
412,INTERNEED,ADAPTADOR UNIV 10A BR,UN-UN,7892190037866,40,"6,90",1,1,https://www.ean-search.org/?q=7892190037866,
14613,INTERNEED,ADAPTADOR UNIV 10A CZ,UN-UN,7892190037804,5,"6,90",1,1,https://www.ean-search.org/?q=7892190037804,
14612,INTERNEED,ADAPTADOR UNIV 10A PT,UN-UN,7892190037835,41,"6,90",1,1,https://www.ean-search.org/?q=7892190037835,
12123,BASTON,ADAPTADOR UNIVERS 10A BRANCO,UN-UN,SEM GTIN,,"4,90",1,,,
20983,INTERNEED,ADAPTADOR UNIVERSAL 10/250 BRANCO,UN-UN,,9,"6,90",1,,,
19553,EXTRA,ADAPTADOR USB P/CARRO,UN-UN,SEM GTIN,,"13,90",1,,,
19554,EXTRA,ADAPTADOR USB P/REDE ELETR,UN-UN,SEM GTIN,14,"6,90",1,,,
3179,SAINTS,ADAPTADOR ZAMAC P13,UN-UN,SEM GTIN,,"4,90",1,,,
44,SAINTS,ADAPTADOR ZAMAK P2 COMPLETO (WF3033),UN-UN,SEM GTIN,10,"5,50",1,,,
20134,G20,ADAPTADORES DE PORCE PARA BOCAIS E27X40,UN-UN,7899287705257,,"9,90",1,1,https://www.ean-search.org/?q=7899287705257,
5962,PEVILON,ADAPTADORZINHO C/23 CR (2791),UN-UN,7898246850694,1,"56,90",1,1,https://www.ean-search.org/?q=7898246850694,
21887,RIO CHENS,ADESIVO ANTI IMPACTO TRANS 12MM 16G,UN-UN,7899206165148,45,"6,50",1,1,https://www.ean-search.org/?q=7899206165148,
20260,RIO CHENS,ADESIVO ANTI IMPACTOR TRANSPARENTE 12P�S,UN-UN,7899206165155,30,"5,90",1,1,https://www.ean-search.org/?q=7899206165155,
10439,RAMADA,ADESIVO AQUATHERM 175G,UN-UN,SEM GTIN,,"19,90",1,,,
7436,RAMADA,ADESIVO AQUATHERM 75G,UN-UN,7899349146493,8,"29,90",1,1,https://www.ean-search.org/?q=7899349146493,
17656,RAMADA,ADESIVO AQUATHERME 175GR,UN-UN,7899349146431,2,"49,90",1,1,https://www.ean-search.org/?q=7899349146431,
16740,ORBI-QUIMICA (SEMA),ADESIVO DE CONTATO 75G ORBICOLA,UN-UN,7898314110439,76,"7,90",1,1,https://www.ean-search.org/?q=7898314110439,
10301,RAMADA,ADESIVO FRASCO PVC 175G,UN-UN,SEM GTIN,,"13,90",1,,,
2513,MEXICHEM,ADESIVO PLAST BISN 75G (COMEIA),UN-UN,7891960874694,210,"7,90",1,1,https://www.ean-search.org/?q=7891960874694,
6722,RAMADA,ADESIVO PLAST P/PVC BISNAG 17GR,UN-UN,SEM GTIN,,"2,60",1,,,
2515,MEXICHEM,ADESIVO PLAST P/TUBO FRASC C/PINCEL,UN-UN,7891960180054,1,"16,90",1,1,https://www.ean-search.org/?q=7891960180054,
9196,PISA,ADESIVO PLASTICO BRACO IBERE 400GR,UN-UN,7898031546924,-2,"14,50",1,1,https://www.ean-search.org/?q=7898031546924,
9197,PISA,ADESIVO PLASTICO CINZA IBERE 400GR,UN-UN,7898031546955,,"14,50",1,1,https://www.ean-search.org/?q=7898031546955,
11187,PISA,ADESIVO PLASTICO IBERE PRETO 400GR,UN-UN,7898031546986,22,"14,50",1,1,https://www.ean-search.org/?q=7898031546986,
6718,RACUIA/TERUYA,ADESIVO POLLY HOBI 24GR 2HS,UN-UN,SEM GTIN,,"10,50",1,,,
21777,MEXICHEM,ADESIVO PVC 17GR AMANCO,UN-UN,7891960874687,172,"3,50",1,1,https://www.ean-search.org/?q=7891960874687,
7333,RAMADA,ADESIVO PVC FRASCO 175G,UN-UN,7899052589822,2,"16,50",1,1,https://www.ean-search.org/?q=7899052589822,
7334,RAMADA,ADESIVO PVC FRASCO 850G,UN-UN,7899052589846,,"54,00",1,1,https://www.ean-search.org/?q=7899052589846,
7332,RAMADA,ADESIVO PVC INC BISNAGA 75G,UN-UN,7899052575313,1,"7,50",1,1,https://www.ean-search.org/?q=7899052575313,
4567,SCOTCH 3M,ADESIVO SCOTCH MIX (79952),UN-UN,SEM GTIN,,"12,90",1,,,
16125,PISA,ADESIVO SILICONE TEK BOND 50G,DZ-DZ,7898904869181,74,"9,90",1,1,https://www.ean-search.org/?q=7898904869181,
20193,MEXICHEM,ADESIVO SUPER AGU� QUENTE 175G,UN-UN,7891960879996,13,"39,90",1,1,https://www.ean-search.org/?q=7891960879996,
20538,MEXICHEM,ADESIVO SUPER CPVC 75G,UN-UN,SEM GTIN,90,"16,90",1,,,
5244,NORTON,AFIADOR DE FACA,UN-UN,7891345200971,,"33,00",2,1,https://www.ean-search.org/?q=7891345200971,
20571,RIO CHENS,AFIADOR DE FACA,UN-UN,7899206167418,4,"12,50",2,1,https://www.ean-search.org/?q=7899206167418,
4352,SAINTS,AFIADOR DE FACA MAX CORTE,UN-UN,7898284840619,,"24,90",1,1,https://www.ean-search.org/?q=7898284840619,
3151,MIL KITS,AFIADOR DE FACA P/FURADEIRA,UN-UN,7898198100304,12,"39,50",1,1,https://www.ean-search.org/?q=7898198100304,
16458,MIL KITS,AFIADOR DE FACA/TESOUR AF-17,UN-UN,SEM GTIN,,"11,50",1,,,
3535,PERFOMANCE PLUS,AFIADOR DE FACAS,UN-UN,SEM GTIN,,"8,90",1,,,
15032,W.I DISTRIBUIDORA,AGULHA DESENTUPIDOR DE FOGAO,UN-UN,,3,"6,90",1,,,
15405,SAINTS,AGULHA FOGAO INOX GD UN,UN-UN,SEM GTIN,138,"0,90",1,,,
17393,EXTRA,AGULHA P/COSTURAR SACO,UN-UN,SEM GTIN,7,"1,20",1,,,